Model,RMSE,MAE,R²,Adj R²,RMSE Comp.,RMSE Turb.
Ridge Regression,0.003475,0.002726,0.905793,0.90489,0.004741,0.002208
Random Forest,0.000875,0.000418,0.992295,0.992221,0.000941,0.000809
XGBoost,0.00086,0.000602,0.992823,0.992755,0.000952,0.000767
ANN,0.00413,0.003237,0.761159,0.758869,0.003278,0.004981
